/*
Navicat MySQL Data Transfer

Source Server         : 本地
Source Server Version : 50723
Source Host           : 127.0.0.1:3306
Source Database       : bookstore01

Target Server Type    : MYSQL
Target Server Version : 50723
File Encoding         : 65001

Date: 2020-09-10 11:09:26
*/

SET FOREIGN_KEY_CHECKS=0;

-- ----------------------------
-- Table structure for book
-- ----------------------------
DROP TABLE IF EXISTS `book`;
CREATE TABLE `book` (
  `id` varchar(40) NOT NULL,
  `name` varchar(100) NOT NULL,
  `author` varchar(100) NOT NULL,
  `price` double NOT NULL,
  `image` varchar(100) DEFAULT NULL,
  `description` text,
  `category_id` varchar(40) DEFAULT NULL,
  PRIMARY KEY (`id`),
  UNIQUE KEY `name` (`name`),
  KEY `category_id_FK` (`category_id`),
  CONSTRAINT `category_id_FK` FOREIGN KEY (`category_id`) REFERENCES `category` (`id`)
) ENGINE=InnoDB DEFAULT CHARSET=utf8;

-- ----------------------------
-- Records of book
-- ----------------------------
INSERT INTO `book` VALUES ('0A83519DD337444C9B02BDEA3E0C502D', '穆斯林的葬礼', '霍达', '10', 'DDCCFDA9D93643AA8601220F47561A26.jpg', '穆斯林的葬礼》是一部长篇小说，一个穆斯林家族，六十年间的兴衰，三代人命运的沉浮，两个发生在不同时代、有着不同内容却又交错扭结的爱情悲剧。两根故事线，一大家子人的悲欢离合，就这样交织重叠地，从作者笔下娓娓流出。\"一道门，隔着两个世界。\"――一个是玉的世界，一个是月的世界。霍达用穿插的笔法，写下了如此震撼人心的一部作品，为我们展示了穆斯林独特的风俗习惯和人生历程，描绘了回族人民在\"人生的舞台上，悲剧，喜剧，轮番演出，不舍昼夜，无尽无休……\"的\"演出\"，体现了他们生生不息的强大的民族凝聚力和向心力', '2375A466B6DA4396AD374AE8A7952934');
INSERT INTO `book` VALUES ('0C435260D635439BB54F9F9E3390E2B2', '活着', '余华', '10', '9B8F9ED8E64C4174B126BB06B0EEA55E.jpg', '《活着》是作家余华的代表作之一，讲诉了在大时代背景下，随着内战、三反五反，大跃进，文化大革命等社会变革，徐福贵的人生和家庭不断经受着苦难，到了最后所有亲人都先后离他而去，仅剩下年老的他和一头老牛相依为命。\r\n\r\n余华因这部小说于2004年3月荣获法兰西文学和艺术骑士勋章。', '2375A466B6DA4396AD374AE8A7952934');
INSERT INTO `book` VALUES ('1290C6F2A8414C93A88DC0E9ACD22188', '白夜行', '东野圭吾', '10', 'FA18428D6BAE47DAAEAE11D821355E20.jpg', '故事围绕着一对有着不同寻常情愫的小学生展开。1973年，大阪的一栋废弃建筑内发现了一具男尸，此后19年，嫌疑人之女雪穗与被害者之子桐原亮司走上截然不同的人生道路，一个跻身上流社会，一个却在底层游走，而他们身边的人，却接二连三地离奇死去，警察经过19年的艰苦追踪，终于使真相大白。', '2375A466B6DA4396AD374AE8A7952934');
INSERT INTO `book` VALUES ('3F50A746F1C04123AD5BF9864524F04A', '挪威的森林', ' 村上春树 ', '20', '24185788693A41B196F97B5FB253179F.jpg', '这是一部动人心弦的、平缓舒雅的、略带感伤的恋爱小说。小说主人公渡边以第一人称展开他同两个女孩间的爱情纠葛。渡边的第一个恋人直子原是他高中要好同学木月的女友，后来木月自杀了。一年后渡边同直子不期而遇并开始交往。此时的直子已变得娴静腼腆，美丽晶莹的眸子里不时掠过一丝难以捕捉的阴翳。两人只是日复一日地在落叶飘零的东京街头漫无目标地或前或后或并肩行走不止。直子20岁生日的晚上两人发生了性关系，不料第二天直子便不知去向。几个月后直子来信说她住进一家远在深山里的精神疗养院。渡边前去探望时发现直子开始带有成熟女性的丰腴与娇美。晚间两人虽同处一室，但渡边约束了自己，分手前表示永远等待直子。返校不久，由于一次偶然相遇，渡边开始与低年级的绿子交往。绿子同内向的直子截然相反，“简直就像迎着春天的晨光蹦跳到世界上来的一头小鹿”。这期间，渡边内心十分苦闷彷徨。一方面念念不忘直...', '2375A466B6DA4396AD374AE8A7952934');
INSERT INTO `book` VALUES ('48286729E0964E27B1863DE1FD77022F', 'Python编程从入门到实践', '埃里克·马瑟斯(Eric Matthes)', '44', 'CAC60A609068449FA1CBC7A4FBE82679.jpg', '本书是一本针对所有层次的Python读者而作的Python入门书。全书分两部分：首部分介绍用Python 编程所必须了解的基本概念，包括matplotlib、NumPy和Pygal等强大的Python库和工具介绍，以及列表、字典、if语句、类、文件与异常、代码测试等内容；第二部分将理论付诸实践，讲解如何开发三个项目，包括简单的Python 2D游戏开发，如何利用数据生成交互式的信息图，以及创建和定制简单的Web应用，并帮读者解决常见编程问题和困惑。', '082DB17E24754235BEE0C809CA99BB6D');
INSERT INTO `book` VALUES ('49CEEB96B70A4D5C8C4FDAD87C3176D6', '骆驼祥子', '老舍', '10', 'CBB9CC6E44AB45489B265F8E66AED2A6.jpg', '《骆驼祥子》描写了20年代，老北京的一个人力车夫的辛酸故事。此小说大量应用北京口语、方言，还有一些老北京的风土人情的描写，是现代白话文小说的经典作品。\r\n\r\n它深刻揭露了旧中国的黑暗，控诉了统治阶级对劳动者的剥削、压迫，表达了作者对劳动人民的深切同情，向人们展示军阀混战、黑暗统治下的北京底层贫苦市民生活于痛苦深渊中的图景。', '2375A466B6DA4396AD374AE8A7952934');
INSERT INTO `book` VALUES ('61DF115C2E0A4501A3D82EAAAB99BE93', 'SQL进阶教程', ' MICK ', '10', 'FF349E8CEEB045849573EA1DDAC26BC4.jpg', '本书是《SQL基础教程》作者MICK为志在向中级进阶的数据库工程师编写的一本SQL技能提升指南。全书可分为两部分，第一部分介绍了SQL语言不同寻常的使用技巧，带领读者从SQL常见技术，比如CASE表达式、自连接、HAVING子句、外连接、关联子查询、EXISTS……去探索新发现。这部分不仅穿插讲解了这些技巧背后的逻辑和相关知识，而且辅以丰富的示例程序，旨在帮助读者提升编程水平；第二部分着重介绍关系数据库的发展史，把实践与理论结合起来，旨在帮助读者加深对关系数据库和SQL语言的理解。此外，每节末尾均设置有练习题，并在书末提供了解答，方便读者检验自己对书中知识点的掌握程度。', '082DB17E24754235BEE0C809CA99BB6D');
INSERT INTO `book` VALUES ('7F004BB825D946F3841B5F9C4C6252BC', '第一行代码:Android', '郭霖 ', '10', 'C0414D457CB647D7BA2064A79A7854DF.jpg', '本书被广大Android 开发者誉为\"Android 学习第一书\"。全书系统全面、循序渐进地介绍了Android软件开发的必备知识、经验和技巧。\r\n\r\n第2版基于Android 7.0 对第1 版进行了全面更新，将所有知识点都在最新的Android系统上进行重新适配，使用 全新的Android Studio 开发工具代替之前的Eclipse，并添加了对Material Design、运行时权限、Gradle、RecyclerView、百分比布局、OkHttp、Lambda 表达式等全新知识点的详细讲解。', '082DB17E24754235BEE0C809CA99BB6D');
INSERT INTO `book` VALUES ('818E3B19A3F54103A01C1E8CEF134693', '微服务架构设计模式', '克里斯·理查森（Chris Richardson）', '22', '1AAD58790E76444196BD10B773C9C277.jpg', '成功地开发基于微服务架构的应用软件，需要掌握一系列全新的架构思想和实践。在这本独特的书籍中，微服务架构的先驱、Java 开发者社区的意见领袖 Chris Richardson 收集、分类并解释了 44 个架构设计模式，这些模式用来解决诸如服务拆分、事务管理、查询和跨服务通信等难题。\r\n\r\n本书将教会你如何开发和部署生产级别的微服务架构应用。这套宝贵的架构设计模式建立在数十年的分布式系统经验之上，Chris 还为开发服务添加了新的模式，并将它们组合成可在真实条件下可靠地扩展和执行的系统。本书不仅仅是一个模式目录，还提供了经验驱动的建议，以帮助你设计、实现、测试和部署基于微服务的应用程序。', '082DB17E24754235BEE0C809CA99BB6D');
INSERT INTO `book` VALUES ('94182DD7F5B6438F8A8FDB0D23C0666E', '机器学习实战', 'Peter Harrington', '10', '731B778505814125BEA1C6E6B0D1783C.jpg', '本书第一部分主要介绍机器学习基础，以及如何利用算法进行分类，并逐步介绍了多种经典的监督学习算法，如k近邻算法、朴素贝叶斯算法、Logistic回归算法、支持向量机、AdaBoost集成方法、基于树的回归算法和分类回归树(CART)算法等。第三部分则重点介绍无监督学习及其一些主要算法:k均值聚类算法、Apriori算法、FP-Growth算法。第四部分介绍了机器学习算法的一些附属工具。', '082DB17E24754235BEE0C809CA99BB6D');
INSERT INTO `book` VALUES ('ACACF88EF68143F3941868ED9DFEAF8E', 'C和指针', 'Kenneth A·Reek', '12', 'D3779E1D465B4A678250990A6967C913.jpg', '本书提供与C语言编程相关的全面资源和深入讨论。本书通过对指针的基础知识和高级特性的探讨，帮助程序员把指针的强大功能融入到自己的程序中去。\r\n\r\n全书共18章，覆盖了数据、语句、操作符和表达式、指针、函数、数组、字符串、结构和联合等几乎所有重要的C编程话题。书中给出了很多编程技巧和提示，每章后面有针对性很强的练习，附录部分则给出了部分练习的解答。\r\n\r\n本书适合C语言初学者和初级C程序员阅读，也可作为计算机专业学生学习C语言的参考。', '082DB17E24754235BEE0C809CA99BB6D');
INSERT INTO `book` VALUES ('B5D4AC9E5AD54EC19CF89CA6F50E5D6C', '圣女的救济', '东野圭吾', '10', '54AB7CA80FB7480693DBF845BAFB131A.jpg', '真柴义孝在与深爱他的真柴绫音结婚时，立下了一个\"一年之内绫音不怀孕就离婚\"的协议，绫音本身不能生育，希望用这段时间来挽回丈夫的心，但是丈夫却在这段时间和绫音的弟子偷情。丈夫在家里遭毒杀，身为嫌疑犯的妻子却有着铜墙铁壁般的不在场证明。被称之为神探伽利略的汤川教授再度挑战高难度的不可能犯罪，去证明在那惟有女性特有的不合逻辑思考下设定的骇人诡计，而答案竟是\"虚数解\"--从理论上而言可行，但从现实上而言却是决不可能的。贤惠温柔的妻子，为了挽回丈夫的爱，做出了\"完全不可能\"的事情。', '2375A466B6DA4396AD374AE8A7952934');
INSERT INTO `book` VALUES ('B646D45B8F40471BA672AE2C2CC6F6C0', 'JavaScript高级程序设计', '泽卡斯(Zakas. Nicholas C.)', '10', '13406914DB444B1AA16421420ACE16E4.jpg', '全书从JavaScript语言实现的各个组成部分——语言核心、DOM、BOM、事件模型讲起，深入浅出地探讨了面向对象编程、Ajax与Comet服务器端通信，HTML5表单、媒体、Canvas（包括WebGL）及Web Workers、地理定位、跨文档传递消息、客户端存储（包括IndexedDB）等新API，还介绍了离线应用和与维护、性能、部署相关的开发实践。《JavaScript高级程序设计(第3版)》附录展望了未来的API和ECMAScript Harmony规范。', '082DB17E24754235BEE0C809CA99BB6D');

-- ----------------------------
-- Table structure for category
-- ----------------------------
DROP TABLE IF EXISTS `category`;
CREATE TABLE `category` (
  `id` varchar(40) NOT NULL,
  `name` varchar(40) DEFAULT NULL,
  `description` varchar(255) DEFAULT NULL,
  PRIMARY KEY (`id`),
  UNIQUE KEY `name` (`name`)
) ENGINE=InnoDB DEFAULT CHARSET=utf8;

-- ----------------------------
-- Records of category
-- ----------------------------
INSERT INTO `category` VALUES ('082DB17E24754235BEE0C809CA99BB6D', '计算机', '计算机');
INSERT INTO `category` VALUES ('2375A466B6DA4396AD374AE8A7952934', '名著', '中外名著');
INSERT INTO `category` VALUES ('7586880F51AB4F688E72E69CECE458E1', '网络文学', null);
INSERT INTO `category` VALUES ('8F8341E162834C3A9D31381A642CB02B', '言情', null);

-- ----------------------------
-- Table structure for orderitem
-- ----------------------------
DROP TABLE IF EXISTS `orderitem`;
CREATE TABLE `orderitem` (
  `id` varchar(40) NOT NULL,
  `quantity` int(11) DEFAULT NULL,
  `price` double DEFAULT NULL,
  `order_id` varchar(40) DEFAULT NULL,
  `book_id` varchar(40) DEFAULT NULL,
  PRIMARY KEY (`id`),
  KEY `book_id_FK` (`book_id`),
  KEY `order_id_FK` (`order_id`),
  CONSTRAINT `book_id_FK` FOREIGN KEY (`book_id`) REFERENCES `book` (`id`) ON DELETE SET NULL ON UPDATE SET NULL,
  CONSTRAINT `order_id_FK` FOREIGN KEY (`order_id`) REFERENCES `orders` (`id`)
) ENGINE=InnoDB DEFAULT CHARSET=utf8;

-- ----------------------------
-- Records of orderitem
-- ----------------------------
INSERT INTO `orderitem` VALUES ('0A4E3DE501004DA1BB985231CCBAA340', '2', '20', '414919E5A6F0403D8A623FC7C40BAF4C', 'B5D4AC9E5AD54EC19CF89CA6F50E5D6C');
INSERT INTO `orderitem` VALUES ('0E91EC226B15402DBE5A79BFE170E6FB', '3', '30', 'B1EBFAE593114E4CAC81960731E9DB63', '0A83519DD337444C9B02BDEA3E0C502D');
INSERT INTO `orderitem` VALUES ('193F5B98694D42E79892907428C1879C', '1', '10', 'E8921810FE5C436A9263AB2BA33507E6', '49CEEB96B70A4D5C8C4FDAD87C3176D6');
INSERT INTO `orderitem` VALUES ('1E66F2E0217C4ED5B9822A61FDDB4104', '1', '10', 'B7BD8C8E51774CE8A189DE6E694ABA0F', '7F004BB825D946F3841B5F9C4C6252BC');
INSERT INTO `orderitem` VALUES ('2412C9EDC98F4CE1AFC5C65D62F133FB', '3', '30', 'B1EBFAE593114E4CAC81960731E9DB63', '1290C6F2A8414C93A88DC0E9ACD22188');
INSERT INTO `orderitem` VALUES ('2B576F63D695403CB855FE4E965B9C0B', '1', '10', 'A079B3DCBBA74021A4AF5D11ABAD85A0', '49CEEB96B70A4D5C8C4FDAD87C3176D6');
INSERT INTO `orderitem` VALUES ('31F9722C29D54677A45005848876D0E1', '3', '30', '1583E35C26C54493AC988336B9C2C7B1', '0C435260D635439BB54F9F9E3390E2B2');
INSERT INTO `orderitem` VALUES ('401E4A9EAD684695BB9417DB8A4A6B57', '1', '10', '03C9BF3119F9414087B0417B40452887', '0A83519DD337444C9B02BDEA3E0C502D');
INSERT INTO `orderitem` VALUES ('4629F61BBA744840AEDB447C618A6F9F', '4', '40', '14E3C9467470428693F014F2832A040C', '1290C6F2A8414C93A88DC0E9ACD22188');
INSERT INTO `orderitem` VALUES ('52C0B5FF46BB4712BDD5CDE672FEFE34', '1', '10', 'A079B3DCBBA74021A4AF5D11ABAD85A0', 'B5D4AC9E5AD54EC19CF89CA6F50E5D6C');
INSERT INTO `orderitem` VALUES ('53452B00D7B3465F9DBB467C424284EF', '2', '20', '017D84F52EAC46808ADDA3904078A69F', '0C435260D635439BB54F9F9E3390E2B2');
INSERT INTO `orderitem` VALUES ('599A45DAC9BF49A7A44552BCBA300D55', '1', '10', 'D28854A753214F958D565F0542DFC2CD', null);
INSERT INTO `orderitem` VALUES ('610D9A31B88D499388D3F8F6E2ED9E4C', '10', '100', '5D3CCEDCDD094713B315AED3214FAC4A', '1290C6F2A8414C93A88DC0E9ACD22188');
INSERT INTO `orderitem` VALUES ('643467CA15664912BC00913AA071BEAA', '1', '10', '20E309111A7F4B67A9AF4E73E2D5BB84', '0A83519DD337444C9B02BDEA3E0C502D');
INSERT INTO `orderitem` VALUES ('64DD040B866A410FA3B4FE924B4C6C9B', '3', '30', '017D84F52EAC46808ADDA3904078A69F', '1290C6F2A8414C93A88DC0E9ACD22188');
INSERT INTO `orderitem` VALUES ('65E4B8B4F67D4E13BE84E7906AA8107F', '5', '50', 'A079B3DCBBA74021A4AF5D11ABAD85A0', '0C435260D635439BB54F9F9E3390E2B2');
INSERT INTO `orderitem` VALUES ('7102301D816A4ABE8CD921A675DDABF4', '1', '10', '7C8A979B8D4849B9815F648AD30362B9', '94182DD7F5B6438F8A8FDB0D23C0666E');
INSERT INTO `orderitem` VALUES ('7A95372816E14F98A3EB6E162C7E1A58', '1', '10', '017D84F52EAC46808ADDA3904078A69F', '0A83519DD337444C9B02BDEA3E0C502D');
INSERT INTO `orderitem` VALUES ('7B7B27F70BDC408D9ECB6D14DFF60356', '1', '10', 'BCA8B30FEB264D51956002629D7F9AAD', null);
INSERT INTO `orderitem` VALUES ('7E620F1A78604A4799534A685EA24337', '1', '10', 'E1187AD796FD47C2BE0001F64AD8478D', '0A83519DD337444C9B02BDEA3E0C502D');
INSERT INTO `orderitem` VALUES ('7E9E6C8225DA4D39A8F325CF1EF1D302', '2', '20', 'BF374DFAAFE349899DD61FF88AFAA4A5', '0A83519DD337444C9B02BDEA3E0C502D');
INSERT INTO `orderitem` VALUES ('8163FBE5E536473F85C5BC351702E49D', '1', '10', 'B7BD8C8E51774CE8A189DE6E694ABA0F', '0C435260D635439BB54F9F9E3390E2B2');
INSERT INTO `orderitem` VALUES ('8BC7E5052A674F61A332462BE9B93F5E', '1', '10', '7EBBE449106F4C02B2B6FC7FC7571AD5', '0C435260D635439BB54F9F9E3390E2B2');
INSERT INTO `orderitem` VALUES ('9268BA1979A6467488FFA47720F4D118', '2', '20', '414919E5A6F0403D8A623FC7C40BAF4C', '94182DD7F5B6438F8A8FDB0D23C0666E');
INSERT INTO `orderitem` VALUES ('A2D1E102AC6649EE97A1A795852FC77D', '1', '10', 'A079B3DCBBA74021A4AF5D11ABAD85A0', '94182DD7F5B6438F8A8FDB0D23C0666E');
INSERT INTO `orderitem` VALUES ('A402A7980F144BF7B74DB969B18FD097', '2', '20', '9B877CD2C8B843778537CAD766446D66', '0A83519DD337444C9B02BDEA3E0C502D');
INSERT INTO `orderitem` VALUES ('B9F25B48752B4B679137746A4036A3F8', '1', '10', '72CB0670A6244582B452E97E25CAD26F', '94182DD7F5B6438F8A8FDB0D23C0666E');
INSERT INTO `orderitem` VALUES ('D2C040EC50774B6EAB276EFE1ABFDADA', '3', '30', '02742F88C2B5481F9E3474E96F5F69BA', '0A83519DD337444C9B02BDEA3E0C502D');
INSERT INTO `orderitem` VALUES ('D7C5364539DA4A0FB3FA17EAD7AD51B4', '1', '10', '2D031439FAB1484882F18354CC959656', '0A83519DD337444C9B02BDEA3E0C502D');
INSERT INTO `orderitem` VALUES ('D86984E22FEF43EFAEE40145AA4C9E97', '2', '20', '14E3C9467470428693F014F2832A040C', '49CEEB96B70A4D5C8C4FDAD87C3176D6');
INSERT INTO `orderitem` VALUES ('E47F82A312EE4EA88A1A21FB1A82B8A8', '1', '10', 'FC221D2BCF644FA280E784389073B13E', '0A83519DD337444C9B02BDEA3E0C502D');
INSERT INTO `orderitem` VALUES ('E5E6512C5CA24DE892B2BCA3949BB331', '1', '10', 'B7BD8C8E51774CE8A189DE6E694ABA0F', '1290C6F2A8414C93A88DC0E9ACD22188');
INSERT INTO `orderitem` VALUES ('E9083893B2904FCD8F766DB50637132D', '1', '10', 'BCA8B30FEB264D51956002629D7F9AAD', '0A83519DD337444C9B02BDEA3E0C502D');
INSERT INTO `orderitem` VALUES ('EA8F772C4D314DAD870BA266C8A6424C', '1', '10', 'ED6D17C6014243C791FA8E414C0DDC2F', '0A83519DD337444C9B02BDEA3E0C502D');
INSERT INTO `orderitem` VALUES ('F0CB59D6FA5A4E29B82C2BDCAEF1C31E', '2', '88', 'B563BA10349449CDBA7C87652D372551', '48286729E0964E27B1863DE1FD77022F');
INSERT INTO `orderitem` VALUES ('F512A042947B4DBCAE0D28D2EA392A86', '1', '10', 'A079B3DCBBA74021A4AF5D11ABAD85A0', '7F004BB825D946F3841B5F9C4C6252BC');
INSERT INTO `orderitem` VALUES ('FAB3D7738D3042E2BB373B8841C4D60F', '2', '88', '1583E35C26C54493AC988336B9C2C7B1', '48286729E0964E27B1863DE1FD77022F');
INSERT INTO `orderitem` VALUES ('FCAEBA9723E54A62B8E49C860ADBC9BE', '1', '10', 'D9FEF7465F51457792D34B828EEFCFA7', null);

-- ----------------------------
-- Table structure for orders
-- ----------------------------
DROP TABLE IF EXISTS `orders`;
CREATE TABLE `orders` (
  `id` varchar(40) NOT NULL,
  `ordertime` datetime DEFAULT NULL,
  `price` double DEFAULT NULL,
  `state` tinyint(1) DEFAULT '0',
  `user_id` varchar(40) DEFAULT NULL,
  PRIMARY KEY (`id`),
  KEY `user_id_FK` (`user_id`),
  CONSTRAINT `user_id_FK` FOREIGN KEY (`user_id`) REFERENCES `user` (`id`) ON DELETE SET NULL ON UPDATE SET NULL
) ENGINE=InnoDB DEFAULT CHARSET=utf8;

-- ----------------------------
-- Records of orders
-- ----------------------------
INSERT INTO `orders` VALUES ('017D84F52EAC46808ADDA3904078A69F', '2020-09-10 10:57:30', '60', '0', '3EC402B4EBEA421D827454BEEA9F9EFD');
INSERT INTO `orders` VALUES ('02742F88C2B5481F9E3474E96F5F69BA', '2019-05-27 21:24:31', '30', '0', 'A1366484D6254875A18414FBB7261E39');
INSERT INTO `orders` VALUES ('03C9BF3119F9414087B0417B40452887', '2019-05-28 18:08:32', '10', '0', '421BF042772848DBAF86D946FC573AC4');
INSERT INTO `orders` VALUES ('14E3C9467470428693F014F2832A040C', '2019-08-07 17:39:38', '60', '1', '3EC402B4EBEA421D827454BEEA9F9EFD');
INSERT INTO `orders` VALUES ('1583E35C26C54493AC988336B9C2C7B1', '2019-05-29 10:23:25', '118', '0', 'A1366484D6254875A18414FBB7261E39');
INSERT INTO `orders` VALUES ('20E309111A7F4B67A9AF4E73E2D5BB84', '2019-05-26 21:36:47', '10', '1', 'A1366484D6254875A18414FBB7261E39');
INSERT INTO `orders` VALUES ('2D031439FAB1484882F18354CC959656', '2019-05-28 01:19:19', '10', '0', 'A1366484D6254875A18414FBB7261E39');
INSERT INTO `orders` VALUES ('414919E5A6F0403D8A623FC7C40BAF4C', '2019-05-28 19:38:56', '40', '1', 'A1366484D6254875A18414FBB7261E39');
INSERT INTO `orders` VALUES ('5D3CCEDCDD094713B315AED3214FAC4A', '2019-05-28 17:30:49', '100', '0', 'A1366484D6254875A18414FBB7261E39');
INSERT INTO `orders` VALUES ('72CB0670A6244582B452E97E25CAD26F', '2019-05-26 21:36:20', '10', '1', 'A1366484D6254875A18414FBB7261E39');
INSERT INTO `orders` VALUES ('7C8A979B8D4849B9815F648AD30362B9', '2019-05-28 00:36:17', '10', '0', 'A1366484D6254875A18414FBB7261E39');
INSERT INTO `orders` VALUES ('7EBBE449106F4C02B2B6FC7FC7571AD5', '2019-05-27 20:57:37', '10', '1', 'A1366484D6254875A18414FBB7261E39');
INSERT INTO `orders` VALUES ('9B877CD2C8B843778537CAD766446D66', '2019-05-28 01:18:24', '20', '0', 'A1366484D6254875A18414FBB7261E39');
INSERT INTO `orders` VALUES ('A079B3DCBBA74021A4AF5D11ABAD85A0', '2019-05-28 15:02:17', '90', '0', 'A1366484D6254875A18414FBB7261E39');
INSERT INTO `orders` VALUES ('B1EBFAE593114E4CAC81960731E9DB63', '2019-05-28 17:28:51', '60', '0', 'A1366484D6254875A18414FBB7261E39');
INSERT INTO `orders` VALUES ('B563BA10349449CDBA7C87652D372551', '2019-08-07 17:36:42', '88', '0', '3EC402B4EBEA421D827454BEEA9F9EFD');
INSERT INTO `orders` VALUES ('B7BD8C8E51774CE8A189DE6E694ABA0F', '2019-05-28 17:41:03', '30', '0', 'A1366484D6254875A18414FBB7261E39');
INSERT INTO `orders` VALUES ('BCA8B30FEB264D51956002629D7F9AAD', '2019-05-29 11:10:28', '20', '1', 'A1366484D6254875A18414FBB7261E39');
INSERT INTO `orders` VALUES ('BF374DFAAFE349899DD61FF88AFAA4A5', '2019-05-27 16:05:49', '20', '0', 'A1366484D6254875A18414FBB7261E39');
INSERT INTO `orders` VALUES ('D28854A753214F958D565F0542DFC2CD', '2019-05-29 10:25:37', '10', '0', 'A1366484D6254875A18414FBB7261E39');
INSERT INTO `orders` VALUES ('D9FEF7465F51457792D34B828EEFCFA7', '2019-05-26 21:36:34', '10', '1', 'A1366484D6254875A18414FBB7261E39');
INSERT INTO `orders` VALUES ('E1187AD796FD47C2BE0001F64AD8478D', '2019-05-27 00:05:04', '10', '1', 'A1366484D6254875A18414FBB7261E39');
INSERT INTO `orders` VALUES ('E8921810FE5C436A9263AB2BA33507E6', '2019-05-28 00:29:35', '10', '0', 'A1366484D6254875A18414FBB7261E39');
INSERT INTO `orders` VALUES ('ED6D17C6014243C791FA8E414C0DDC2F', '2019-05-26 22:40:58', '10', '0', 'A1366484D6254875A18414FBB7261E39');
INSERT INTO `orders` VALUES ('FC221D2BCF644FA280E784389073B13E', '2019-05-29 10:25:24', '10', '0', 'A1366484D6254875A18414FBB7261E39');

-- ----------------------------
-- Table structure for user
-- ----------------------------
DROP TABLE IF EXISTS `user`;
CREATE TABLE `user` (
  `id` varchar(40) NOT NULL,
  `username` varchar(40) DEFAULT NULL,
  `password` varchar(40) DEFAULT NULL,
  `cellphone` varchar(40) DEFAULT NULL,
  `email` varchar(40) DEFAULT NULL,
  `address` varchar(255) DEFAULT NULL,
  `admin` tinyint(1) DEFAULT '0',
  PRIMARY KEY (`id`),
  UNIQUE KEY `username` (`username`)
) ENGINE=InnoDB DEFAULT CHARSET=utf8;

-- ----------------------------
-- Records of user
-- ----------------------------
INSERT INTO `user` VALUES ('3EC402B4EBEA421D827454BEEA9F9EFD', '111', '111', '17874221324', '2222@qq.com', '地址1', '0');
INSERT INTO `user` VALUES ('421BF042772848DBAF86D946FC573AC4', '123', '123', '17874221324', '123@qq.com', '11', '0');
INSERT INTO `user` VALUES ('7B7EA4AFDF6F4A5282BA783A958F4E1E', '222', '222', '17874221324', '222', '222', '0');
INSERT INTO `user` VALUES ('A1366484D6254875A18414FBB7261E39', 'zzz', '111', '17874221324', '123@qq.com', '地址1', '0');
INSERT INTO `user` VALUES ('BBD43B0A72CB4EA1B1ADD236BDD0FC89', '555', '555', '17874221324', '1', '1', '1');
INSERT INTO `user` VALUES ('BBD43B0A72CB4EA1B1ADD236BDD0FCF1', '333', '333', '17874221324', '333', '333', '0');
